datetime,split,cnt,hr,workingday,mnth,season,weathersit,is_commute,is_high_demand,method,prediction,err_signed,err_absolute
2012-09-20 17:00:00,validation,976,17,1,9,season_3,1,True,True,original,346.6412642497326,-629.3587357502674,629.3587357502674
2012-09-26 08:00:00,validation,838,8,1,9,season_4,1,True,True,original,221.69186219693336,-616.3081378030666,616.3081378030666
2012-09-12 18:00:00,validation,977,18,1,9,season_3,1,True,True,original,371.4345630318488,-605.5654369681512,605.5654369681512
2012-09-25 08:00:00,validation,805,8,1,9,season_4,1,True,True,original,201.50021244487897,-603.499787555121,603.499787555121
2012-08-23 18:00:00,validation,941,18,1,8,season_3,1,True,True,original,339.74238076997835,-601.2576192300216,601.2576192300216
2012-08-01 18:00:00,validation,891,18,1,8,season_3,3,True,True,original,291.512080632281,-599.487919367719,599.487919367719
2012-09-10 18:00:00,validation,968,18,1,9,season_3,1,True,True,original,371.9547658588934,-596.0452341411067,596.0452341411067
2012-09-25 17:00:00,validation,967,17,1,9,season_4,1,True,True,original,373.55300075116617,-593.4469992488339,593.4469992488339
2012-07-10 18:00:00,validation,819,18,1,7,season_3,3,True,True,original,226.57338901661302,-592.426610983387,592.426610983387
2012-08-20 17:00:00,validation,893,17,1,8,season_3,1,True,True,original,303.06284036483885,-589.9371596351612,589.9371596351612
2012-09-20 08:00:00,validation,790,8,1,9,season_3,1,True,True,original,205.54311300299702,-584.456886997003,584.456886997003
2012-08-29 08:00:00,validation,808,8,1,8,season_3,1,True,True,original,223.8077233809484,-584.1922766190517,584.1922766190517
2012-09-12 18:00:00,validation,977,18,1,9,season_3,1,True,True,candidate,499.8719885084723,-477.1280114915277,477.1280114915277
2012-09-10 18:00:00,validation,968,18,1,9,season_3,1,True,True,candidate,494.0507662271194,-473.9492337728806,473.9492337728806
2012-08-01 18:00:00,validation,891,18,1,8,season_3,3,True,True,candidate,417.56117613283493,-473.43882386716507,473.43882386716507
2012-09-20 17:00:00,validation,976,17,1,9,season_3,1,True,True,candidate,521.8518257635246,-454.14817423647537,454.14817423647537
2012-08-23 18:00:00,validation,941,18,1,8,season_3,1,True,True,candidate,490.48472599248,-450.51527400752,450.51527400752
2012-09-23 12:00:00,validation,776,12,0,9,season_4,1,False,True,candidate,325.8098627400774,-450.1901372599226,450.1901372599226
2012-09-25 17:00:00,validation,967,17,1,9,season_4,1,True,True,candidate,529.9365723812302,-437.06342761876977,437.06342761876977
2012-07-10 18:00:00,validation,819,18,1,7,season_3,3,True,True,candidate,384.1538593099679,-434.8461406900321,434.8461406900321
2012-09-29 14:00:00,validation,750,14,0,9,season_4,1,False,True,candidate,324.2622083715355,-425.7377916284645,425.7377916284645
2012-09-27 18:00:00,validation,899,18,1,9,season_4,2,True,True,candidate,475.4705234003549,-423.5294765996451,423.5294765996451
2012-09-20 18:00:00,validation,900,18,1,9,season_3,1,True,True,candidate,481.4116792838252,-418.5883207161748,418.5883207161748
2012-09-26 08:00:00,validation,838,8,1,9,season_4,1,True,True,candidate,422.07349903437506,-415.92650096562494,415.92650096562494
