datetime,split,method,feature,raw_feature,training_mean,training_scale,standardized_feature,weight,contribution,raw_prediction,clipped_prediction,cnt
2012-07-02 07:00:00,validation,original,intercept,1.0,0.0,1.0,1.0,167.7134507421371,167.7134507421371,239.72698858533653,239.72698858533653,398
2012-07-02 07:00:00,validation,original,hr_numeric,7.0,11.555333384603554,6.911226332688522,-0.6591208513976553,45.055598262829996,-29.697084287227227,239.72698858533653,239.72698858533653,398
2012-07-02 07:00:00,validation,original,weekday_1,1.0,0.1426593862954703,0.34972515751265615,2.451469662068859,-0.5451212161112704,-1.3363481234468617,239.72698858533653,239.72698858533653,398
2012-07-02 07:00:00,validation,original,weekday_2,0.0,0.14173652234099823,0.3487797020695009,-0.40637835716929016,-0.48897725534680175,0.1987097737209818,239.72698858533653,239.72698858533653,398
2012-07-02 07:00:00,validation,original,weekday_3,0.0,0.14235176497731292,0.3494105607808242,-0.40740544492759717,-0.5269357345608091,0.21467648738699668,239.72698858533653,239.72698858533653,398
2012-07-02 07:00:00,validation,original,weekday_4,0.0,0.14219795431823426,0.3492530545405696,-0.4071487778547586,-0.7805213980743314,0.3177883333154516,239.72698858533653,239.72698858533653,398
2012-07-02 07:00:00,validation,original,weekday_5,0.0,0.14327462893178497,0.35035269320534906,-0.4089439918984973,1.5907497393211503,-0.6505275485094851,239.72698858533653,239.72698858533653,398
2012-07-02 07:00:00,validation,original,weekday_6,0.0,0.1451972621702684,0.352299612870245,-0.41214141845720903,3.0123770974034034,-1.241525369851849,239.72698858533653,239.72698858533653,398
2012-07-02 07:00:00,validation,original,mnth_2,0.0,0.10313004691225101,0.30412865753846147,-0.3391000629370441,-1.7824591743990301,0.6044320182214228,239.72698858533653,239.72698858533653,398
2012-07-02 07:00:00,validation,original,mnth_3,0.0,0.11328155041144351,0.31693665100111745,-0.3574264764066183,2.0416889369023745,-0.7297536826353901,239.72698858533653,239.72698858533653,398
2012-07-02 07:00:00,validation,original,mnth_4,0.0,0.11051295854802738,0.3135280602131186,-0.3524818750605829,3.5300179220815178,-1.244267336172756,239.72698858533653,239.72698858533653,398
2012-07-02 07:00:00,validation,original,mnth_5,0.0,0.11443513035453357,0.3183390194356618,-0.3594756638925364,5.841054493913459,-2.099716942032024,239.72698858533653,239.72698858533653,398
2012-07-02 07:00:00,validation,original,mnth_6,0.0,0.1107436745366454,0.3138144564656066,-0.35289538851688523,-5.723767672487384,2.019891216562823,239.72698858533653,239.72698858533653,398
2012-07-02 07:00:00,validation,original,mnth_7,1.0,0.05721756517726678,0.232257864048666,4.059205653528218,-13.14538986476111,-53.35984085687083,239.72698858533653,239.72698858533653,398
2012-07-02 07:00:00,validation,original,mnth_8,0.0,0.0562177958932554,0.23034182277254628,-0.24406247730690367,-7.724754524301322,1.8853227257886929,239.72698858533653,239.72698858533653,398
2012-07-02 07:00:00,validation,original,mnth_9,0.0,0.055141121279704684,0.22825551039074604,-0.24157629835665173,4.562258611902099,-1.1021335476090652,239.72698858533653,239.72698858533653,398
2012-07-02 07:00:00,validation,original,mnth_10,0.0,0.05714065984772745,0.2321111906822198,-0.24617796186293286,11.321918016295088,-2.787206701630745,239.72698858533653,239.72698858533653,398
2012-07-02 07:00:00,validation,original,mnth_11,0.0,0.055294931938783355,0.22855503153658135,-0.24193268276368324,10.148721535863356,-2.4553074277929894,239.72698858533653,239.72698858533653,398
2012-07-02 07:00:00,validation,original,mnth_12,0.0,0.056986849188648776,0.2318174890041925,-0.24582635862999166,9.70824832961732,-2.386543335545525,239.72698858533653,239.72698858533653,398
2012-07-02 07:00:00,validation,original,weathersit_2,0.0,0.2519418595708683,0.43412804443713965,-0.5803399775693336,1.6647600729206977,-0.96612682337712,239.72698858533653,239.72698858533653,398
2012-07-02 07:00:00,validation,original,weathersit_3,0.0,0.08682611704991156,0.2815800817670386,-0.3083531921187023,-9.316289971772758,2.872707751499585,239.72698858533653,239.72698858533653,398
2012-07-02 07:00:00,validation,original,weathersit_4,0.0,0.00023071598861801123,0.015187585678792805,-0.015191090506252856,0.5225390661197739,-0.007937938246478331,239.72698858533653,239.72698858533653,398
2012-07-02 07:00:00,validation,original,yr,1.0,0.335153426132431,0.4720440732432923,1.4084417357463697,34.938490588534556,49.208828328873814,239.72698858533653,239.72698858533653,398
2012-07-02 07:00:00,validation,original,holiday,0.0,0.027455202645543336,0.1634056746053458,-0.16801866099113513,-4.847171911975633,0.8144153342439862,239.72698858533653,239.72698858533653,398
2012-07-02 07:00:00,validation,original,workingday,1.0,0.6847650542182573,0.464609378660968,0.6784945811689567,1.1439168869048095,0.7761414090725756,239.72698858533653,239.72698858533653,398
2012-07-02 07:00:00,validation,original,temp,0.74,0.4816196262400983,0.19121614830127487,1.351247664254824,70.34286216181057,95.05062819314557,239.72698858533653,239.72698858533653,398
2012-07-02 07:00:00,validation,original,hum,0.51,0.6235238021994887,0.19976655979263244,-0.5682823106997086,-33.145157047415886,18.83580643541023,239.72698858533653,239.72698858533653,398
2012-07-02 07:00:00,validation,original,windspeed,0.1045,0.19608339613934714,0.12421631812291407,-0.7372895729265125,0.9785710656812343,-0.7214902430943595,239.72698858533653,239.72698858533653,398
2012-07-02 07:00:00,validation,candidate,intercept,1.0,0.0,1.0,1.0,167.713450742137,167.713450742137,316.186653297923,316.186653297923,398
2012-07-02 07:00:00,validation,candidate,hr_1,0.0,0.04168268861032069,0.19986305831876056,-0.2085562432645316,-2.9644885533049834,0.6182625958779935,316.186653297923,316.186653297923,398
2012-07-02 07:00:00,validation,candidate,hr_2,0.0,0.04099054064446666,0.19826829353717837,-0.2067427923707847,-4.41271193150393,0.9122963866470012,316.186653297923,316.186653297923,398
2012-07-02 07:00:00,validation,candidate,hr_3,0.0,0.03983696070137661,0.19557601402893485,-0.2036904213391058,-6.241089676604616,1.2712501858427379,316.186653297923,316.186653297923,398
2012-07-02 07:00:00,validation,candidate,hr_4,0.0,0.03968315004229793,0.19521372299360737,-0.20328053496319737,-6.779650698692919,1.3781710208939113,316.186653297923,316.186653297923,398
2012-07-02 07:00:00,validation,candidate,hr_5,0.0,0.04114435130354534,0.19862400071328368,-0.20714692663419737,-4.002550792580209,0.8291160953802611,316.186653297923,316.186653297923,398
2012-07-02 07:00:00,validation,candidate,hr_6,0.0,0.041759593939860035,0.20003932176911182,-0.20875692624102946,6.363544354469809,-1.3284339594375734,316.186653297923,316.186653297923,398
2012-07-02 07:00:00,validation,candidate,hr_7,1.0,0.041913404598938706,0.20039129500522185,4.781078915509255,30.052727792742104,143.68446320341826,316.186653297923,316.186653297923,398
2012-07-02 07:00:00,validation,candidate,hr_8,0.0,0.041913404598938706,0.20039129500522185,-0.2091578109610326,55.21725693044493,-11.549120586844767,316.186653297923,316.186653297923,398
2012-07-02 07:00:00,validation,candidate,hr_9,0.0,0.041913404598938706,0.20039129500522185,-0.2091578109610326,29.538907245462273,-6.178293177641874,316.186653297923,316.186653297923,398
2012-07-02 07:00:00,validation,candidate,hr_10,0.0,0.041913404598938706,0.20039129500522185,-0.2091578109610326,19.56155373466496,-4.091451758139135,316.186653297923,316.186653297923,398
2012-07-02 07:00:00,validation,candidate,hr_11,0.0,0.041913404598938706,0.20039129500522185,-0.2091578109610326,23.969014392554293,-5.01330658124014,316.186653297923,316.186653297923,398
2012-07-02 07:00:00,validation,candidate,hr_12,0.0,0.04199030992847804,0.20056700576265515,-0.2093580136414266,30.855580404918488,-6.45986302332706,316.186653297923,316.186653297923,398
2012-07-02 07:00:00,validation,candidate,hr_13,0.0,0.04199030992847804,0.20056700576265515,-0.2093580136414266,30.349116645213737,-6.353830776613904,316.186653297923,316.186653297923,398
2012-07-02 07:00:00,validation,candidate,hr_14,0.0,0.04199030992847804,0.20056700576265518,-0.20935801364142656,27.56491140034759,-5.770935096978685,316.186653297923,316.186653297923,398
2012-07-02 07:00:00,validation,candidate,hr_15,0.0,0.04199030992847804,0.20056700576265518,-0.20935801364142656,28.93013522430027,-6.056755644937371,316.186653297923,316.186653297923,398
2012-07-02 07:00:00,validation,candidate,hr_16,0.0,0.04206721525801738,0.2007425332570268,-0.2095580571565038,39.61239307929269,-8.301096133016312,316.186653297923,316.186653297923,398
2012-07-02 07:00:00,validation,candidate,hr_17,0.0,0.04206721525801738,0.2007425332570268,-0.2095580571565038,67.43859726756853,-14.132301420751567,316.186653297923,316.186653297923,398
2012-07-02 07:00:00,validation,candidate,hr_18,0.0,0.041913404598938706,0.20039129500522188,-0.20915781096103256,62.05924140306997,-12.980175081768394,316.186653297923,316.186653297923,398
2012-07-02 07:00:00,validation,candidate,hr_19,0.0,0.041913404598938706,0.20039129500522188,-0.20915781096103256,42.59098654503157,-8.908237512429594,316.186653297923,316.186653297923,398
2012-07-02 07:00:00,validation,candidate,hr_20,0.0,0.041913404598938706,0.20039129500522188,-0.20915781096103256,28.21002403421363,-5.9003468741542395,316.186653297923,316.186653297923,398
2012-07-02 07:00:00,validation,candidate,hr_21,0.0,0.041913404598938706,0.20039129500522188,-0.20915781096103256,19.634086477104372,-4.106622547770762,316.186653297923,316.186653297923,398
2012-07-02 07:00:00,validation,candidate,hr_22,0.0,0.041913404598938706,0.20039129500522188,-0.20915781096103256,13.007644782276394,-2.7206505084196273,316.186653297923,316.186653297923,398
2012-07-02 07:00:00,validation,candidate,hr_23,0.0,0.041913404598938706,0.20039129500522188,-0.20915781096103256,5.7195335566956285,-1.1962851184366265,316.186653297923,316.186653297923,398
2012-07-02 07:00:00,validation,candidate,weekday_1,1.0,0.1426593862954703,0.34972515751265615,2.451469662068859,-0.8007657821800045,-1.9630530214371213,316.186653297923,316.186653297923,398
2012-07-02 07:00:00,validation,candidate,weekday_2,0.0,0.14173652234099823,0.3487797020695009,-0.40637835716929016,0.21470345364092935,-0.08725083676917372,316.186653297923,316.186653297923,398
2012-07-02 07:00:00,validation,candidate,weekday_3,0.0,0.14235176497731292,0.3494105607808242,-0.40740544492759717,-0.39337578695291264,0.16026343750729505,316.186653297923,316.186653297923,398
2012-07-02 07:00:00,validation,candidate,weekday_4,0.0,0.14219795431823426,0.3492530545405696,-0.4071487778547586,0.6079719902575533,-0.24753505280328805,316.186653297923,316.186653297923,398
2012-07-02 07:00:00,validation,candidate,weekday_5,0.0,0.14327462893178497,0.35035269320534906,-0.4089439918984973,1.806280338945772,-0.7386674922962547,316.186653297923,316.186653297923,398
2012-07-02 07:00:00,validation,candidate,weekday_6,0.0,0.1451972621702684,0.352299612870245,-0.41214141845720903,3.762168808150051,-1.5505455890664295,316.186653297923,316.186653297923,398
2012-07-02 07:00:00,validation,candidate,mnth_2,0.0,0.10313004691225101,0.30412865753846147,-0.3391000629370441,1.5822573107485773,-0.5365435536574407,316.186653297923,316.186653297923,398
2012-07-02 07:00:00,validation,candidate,mnth_3,0.0,0.11328155041144351,0.31693665100111745,-0.3574264764066183,9.666516323728047,-3.455068868717173,316.186653297923,316.186653297923,398
2012-07-02 07:00:00,validation,candidate,mnth_4,0.0,0.11051295854802738,0.3135280602131186,-0.3524818750605829,15.104978004167602,-5.324230969657858,316.186653297923,316.186653297923,398
2012-07-02 07:00:00,validation,candidate,mnth_5,0.0,0.11443513035453357,0.3183390194356618,-0.3594756638925364,19.53800380946069,-7.023436890540786,316.186653297923,316.186653297923,398
2012-07-02 07:00:00,validation,candidate,mnth_6,0.0,0.1107436745366454,0.3138144564656066,-0.35289538851688523,14.692610189077538,-5.184954381001664,316.186653297923,316.186653297923,398
2012-07-02 07:00:00,validation,candidate,mnth_7,1.0,0.05721756517726678,0.232257864048666,4.059205653528218,4.598413901974071,18.665907708155903,316.186653297923,316.186653297923,398
2012-07-02 07:00:00,validation,candidate,mnth_8,0.0,0.0562177958932554,0.23034182277254628,-0.24406247730690367,7.744220623728364,-1.8900736702383594,316.186653297923,316.186653297923,398
2012-07-02 07:00:00,validation,candidate,mnth_9,0.0,0.055141121279704684,0.22825551039074604,-0.24157629835665173,14.161712906984876,-3.4211341824590242,316.186653297923,316.186653297923,398
2012-07-02 07:00:00,validation,candidate,mnth_10,0.0,0.05714065984772745,0.2321111906822198,-0.24617796186293286,17.71404817938025,-4.3608082771416266,316.186653297923,316.186653297923,398
2012-07-02 07:00:00,validation,candidate,mnth_11,0.0,0.055294931938783355,0.22855503153658135,-0.24193268276368324,14.619496860177046,-3.5369340960378763,316.186653297923,316.186653297923,398
2012-07-02 07:00:00,validation,candidate,mnth_12,0.0,0.056986849188648776,0.2318174890041925,-0.24582635862999166,11.891311746682888,-2.9231978660211,316.186653297923,316.186653297923,398
2012-07-02 07:00:00,validation,candidate,weathersit_2,0.0,0.2519418595708683,0.43412804443713965,-0.5803399775693336,-5.037064631738577,2.9232099753984495,316.186653297923,316.186653297923,398
2012-07-02 07:00:00,validation,candidate,weathersit_3,0.0,0.08682611704991156,0.2815800817670386,-0.3083531921187023,-18.283578959727418,5.637799935586292,316.186653297923,316.186653297923,398
2012-07-02 07:00:00,validation,candidate,weathersit_4,0.0,0.00023071598861801123,0.015187585678792805,-0.015191090506252856,-0.9168967315462808,0.013928661233806981,316.186653297923,316.186653297923,398
2012-07-02 07:00:00,validation,candidate,yr,1.0,0.335153426132431,0.4720440732432923,1.4084417357463697,39.15529453197689,55.14795099427787,316.186653297923,316.186653297923,398
2012-07-02 07:00:00,validation,candidate,holiday,0.0,0.027455202645543336,0.1634056746053458,-0.16801866099113513,-3.142151022282663,0.5279400073958594,316.186653297923,316.186653297923,398
2012-07-02 07:00:00,validation,candidate,workingday,1.0,0.6847650542182573,0.464609378660968,0.6784945811689567,2.1867900719437414,1.4837252139679014,316.186653297923,316.186653297923,398
2012-07-02 07:00:00,validation,candidate,temp,0.74,0.4816196262400983,0.19121614830127487,1.351247664254824,41.97519384419847,56.71888263861665,316.186653297923,316.186653297923,398
2012-07-02 07:00:00,validation,candidate,hum,0.51,0.6235238021994887,0.19976655979263244,-0.5682823106997086,-13.577291339791897,7.715734495620081,316.186653297923,316.186653297923,398
2012-07-02 07:00:00,validation,candidate,windspeed,0.1045,0.19608339613934714,0.12421631812291407,-0.7372895729265125,-5.527598245478952,4.075440549718516,316.186653297923,316.186653297923,398
