seed,selection_method,budget_used,training_rows,validation_rows,mae,mae_denominator
11,coverage,0,240,2208,133.06304347826085,2208
11,coverage,120,360,2208,128.8387438535197,2208
11,random,0,240,2208,133.06304347826085,2208
11,random,120,360,2208,132.0176674950452,2208
29,coverage,0,240,2208,120.85398550724639,2208
29,coverage,120,360,2208,121.3225284679089,2208
29,random,0,240,2208,120.85398550724639,2208
29,random,120,360,2208,121.51815147790012,2208
47,coverage,0,240,2208,129.0316123188406,2208
47,coverage,120,360,2208,123.08127911490685,2208
47,random,0,240,2208,129.0316123188406,2208
47,random,120,360,2208,127.42202372657535,2208
