datetime,month,hr,partition
2011-01-02T05:00,2011-01,5,development
2011-01-03T02:00,2011-01,2,development
2011-01-03T03:00,2011-01,3,development
2011-01-04T03:00,2011-01,3,development
2011-01-05T03:00,2011-01,3,development
2011-01-06T03:00,2011-01,3,development
2011-01-07T03:00,2011-01,3,development
2011-01-11T03:00,2011-01,3,development
2011-01-11T04:00,2011-01,4,development
2011-01-12T03:00,2011-01,3,development
2011-01-12T04:00,2011-01,4,development
2011-01-14T04:00,2011-01,4,development
2011-01-18T00:00,2011-01,0,development
2011-01-18T01:00,2011-01,1,development
2011-01-18T02:00,2011-01,2,development
2011-01-18T03:00,2011-01,3,development
2011-01-18T04:00,2011-01,4,development
2011-01-18T05:00,2011-01,5,development
2011-01-18T06:00,2011-01,6,development
2011-01-18T07:00,2011-01,7,development
2011-01-18T08:00,2011-01,8,development
2011-01-18T09:00,2011-01,9,development
2011-01-18T10:00,2011-01,10,development
2011-01-18T11:00,2011-01,11,development
2011-01-19T03:00,2011-01,3,development
2011-01-22T05:00,2011-01,5,development
2011-01-23T04:00,2011-01,4,development
2011-01-24T02:00,2011-01,2,development
2011-01-25T03:00,2011-01,3,development
2011-01-26T03:00,2011-01,3,development
2011-01-26T04:00,2011-01,4,development
2011-01-26T18:00,2011-01,18,development
2011-01-26T19:00,2011-01,19,development
2011-01-26T20:00,2011-01,20,development
2011-01-26T21:00,2011-01,21,development
2011-01-26T22:00,2011-01,22,development
2011-01-26T23:00,2011-01,23,development
2011-01-27T00:00,2011-01,0,development
2011-01-27T01:00,2011-01,1,development
2011-01-27T02:00,2011-01,2,development
2011-01-27T03:00,2011-01,3,development
2011-01-27T04:00,2011-01,4,development
2011-01-27T05:00,2011-01,5,development
2011-01-27T06:00,2011-01,6,development
2011-01-27T07:00,2011-01,7,development
2011-01-27T08:00,2011-01,8,development
2011-01-27T09:00,2011-01,9,development
2011-01-27T10:00,2011-01,10,development
2011-01-27T11:00,2011-01,11,development
2011-01-27T12:00,2011-01,12,development
2011-01-27T13:00,2011-01,13,development
2011-01-27T14:00,2011-01,14,development
2011-01-27T15:00,2011-01,15,development
2011-01-28T04:00,2011-01,4,development
2011-01-29T05:00,2011-01,5,development
2011-01-30T06:00,2011-01,6,development
2011-02-01T04:00,2011-02,4,development
2011-02-03T04:00,2011-02,4,development
2011-02-04T04:00,2011-02,4,development
2011-02-09T04:00,2011-02,4,development
2011-02-10T03:00,2011-02,3,development
2011-02-11T03:00,2011-02,3,development
2011-02-11T04:00,2011-02,4,development
2011-02-13T05:00,2011-02,5,development
2011-02-15T03:00,2011-02,3,development
2011-02-16T02:00,2011-02,2,development
2011-02-20T05:00,2011-02,5,development
2011-02-22T00:00,2011-02,0,development
2011-02-22T01:00,2011-02,1,development
2011-02-22T02:00,2011-02,2,development
2011-02-22T03:00,2011-02,3,development
2011-02-22T04:00,2011-02,4,development
2011-02-22T05:00,2011-02,5,development
2011-02-23T04:00,2011-02,4,development
2011-02-24T04:00,2011-02,4,development
2011-02-25T04:00,2011-02,4,development
2011-02-27T05:00,2011-02,5,development
2011-02-28T02:00,2011-02,2,development
2011-02-28T04:00,2011-02,4,development
2011-03-06T05:00,2011-03,5,development
2011-03-07T02:00,2011-03,2,development
2011-03-10T03:00,2011-03,3,development
2011-03-10T04:00,2011-03,4,development
2011-03-11T04:00,2011-03,4,development
2011-03-13T02:00,2011-03,2,development
2011-03-14T04:00,2011-03,4,development
2011-03-15T03:00,2011-03,3,development
2011-03-16T02:00,2011-03,2,development
2011-03-18T04:00,2011-03,4,development
2011-03-21T04:00,2011-03,4,development
2011-03-23T04:00,2011-03,4,development
2011-03-27T05:00,2011-03,5,development
2011-03-28T04:00,2011-03,4,development
2011-04-11T03:00,2011-04,3,development
2011-08-27T18:00,2011-08,18,development
2011-08-27T19:00,2011-08,19,development
2011-08-27T20:00,2011-08,20,development
2011-08-27T21:00,2011-08,21,development
2011-08-27T22:00,2011-08,22,development
2011-08-27T23:00,2011-08,23,development
2011-08-28T00:00,2011-08,0,development
2011-08-28T01:00,2011-08,1,development
2011-08-28T02:00,2011-08,2,development
2011-08-28T03:00,2011-08,3,development
2011-08-28T04:00,2011-08,4,development
2011-08-28T05:00,2011-08,5,development
2011-08-28T06:00,2011-08,6,development
2011-09-06T01:00,2011-09,1,development
2011-09-08T02:00,2011-09,2,development
2011-09-12T03:00,2011-09,3,development
2011-10-19T03:00,2011-10,3,development
2011-11-28T02:00,2011-11,2,development
2011-12-25T04:00,2011-12,4,development
2011-12-26T03:00,2011-12,3,development
2011-12-28T04:00,2011-12,4,development
2012-01-02T03:00,2012-01,3,development
2012-01-10T03:00,2012-01,3,development
2012-01-17T03:00,2012-01,3,development
2012-02-06T03:00,2012-02,3,development
2012-02-20T04:00,2012-02,4,development
2012-02-21T03:00,2012-02,3,development
2012-02-29T04:00,2012-02,4,development
2012-03-11T02:00,2012-03,2,development
2012-04-02T03:00,2012-04,3,development
2012-04-11T04:00,2012-04,4,development
2012-10-29T01:00,2012-10,1,sealed_test
2012-10-29T02:00,2012-10,2,sealed_test
2012-10-29T03:00,2012-10,3,sealed_test
2012-10-29T04:00,2012-10,4,sealed_test
2012-10-29T05:00,2012-10,5,sealed_test
2012-10-29T06:00,2012-10,6,sealed_test
2012-10-29T07:00,2012-10,7,sealed_test
2012-10-29T08:00,2012-10,8,sealed_test
2012-10-29T09:00,2012-10,9,sealed_test
2012-10-29T10:00,2012-10,10,sealed_test
2012-10-29T11:00,2012-10,11,sealed_test
2012-10-29T12:00,2012-10,12,sealed_test
2012-10-29T13:00,2012-10,13,sealed_test
2012-10-29T14:00,2012-10,14,sealed_test
2012-10-29T15:00,2012-10,15,sealed_test
2012-10-29T16:00,2012-10,16,sealed_test
2012-10-29T17:00,2012-10,17,sealed_test
2012-10-29T18:00,2012-10,18,sealed_test
2012-10-29T19:00,2012-10,19,sealed_test
2012-10-29T20:00,2012-10,20,sealed_test
2012-10-29T21:00,2012-10,21,sealed_test
2012-10-29T22:00,2012-10,22,sealed_test
2012-10-29T23:00,2012-10,23,sealed_test
2012-10-30T00:00,2012-10,0,sealed_test
2012-10-30T01:00,2012-10,1,sealed_test
2012-10-30T02:00,2012-10,2,sealed_test
2012-10-30T03:00,2012-10,3,sealed_test
2012-10-30T04:00,2012-10,4,sealed_test
2012-10-30T05:00,2012-10,5,sealed_test
2012-10-30T06:00,2012-10,6,sealed_test
2012-10-30T07:00,2012-10,7,sealed_test
2012-10-30T08:00,2012-10,8,sealed_test
2012-10-30T09:00,2012-10,9,sealed_test
2012-10-30T10:00,2012-10,10,sealed_test
2012-10-30T11:00,2012-10,11,sealed_test
2012-10-30T12:00,2012-10,12,sealed_test
2012-11-08T03:00,2012-11,3,sealed_test
2012-11-29T03:00,2012-11,3,sealed_test
2012-12-24T04:00,2012-12,4,sealed_test
2012-12-25T03:00,2012-12,3,sealed_test
