date,observed_hours,candidates,selected,daily_capacity
2012-07-01,24,3,2,2
2012-07-02,24,3,2,2
2012-07-03,24,3,2,2
2012-07-04,24,3,2,2
2012-07-05,24,3,2,2
2012-07-06,24,3,2,2
2012-07-07,24,3,2,2
2012-07-08,24,3,2,2
2012-07-09,24,3,2,2
2012-07-10,24,3,2,2
2012-07-11,24,3,2,2
2012-07-12,24,3,2,2
2012-07-13,24,3,2,2
2012-07-14,24,3,2,2
2012-07-15,24,3,2,2
2012-07-16,24,3,2,2
2012-07-17,24,3,2,2
2012-07-18,24,3,2,2
2012-07-19,24,3,2,2
2012-07-20,24,3,2,2
2012-07-21,24,3,2,2
2012-07-22,24,3,2,2
2012-07-23,24,3,2,2
2012-07-24,24,3,2,2
2012-07-25,24,3,2,2
2012-07-26,24,3,2,2
2012-07-27,24,3,2,2
2012-07-28,24,3,2,2
2012-07-29,24,3,2,2
2012-07-30,24,3,2,2
2012-07-31,24,3,2,2
2012-08-01,24,3,2,2
2012-08-02,24,3,2,2
2012-08-03,24,3,2,2
2012-08-04,24,3,2,2
2012-08-05,24,3,2,2
2012-08-06,24,3,2,2
2012-08-07,24,3,2,2
2012-08-08,24,3,2,2
2012-08-09,24,3,2,2
2012-08-10,24,3,2,2
2012-08-11,24,3,2,2
2012-08-12,24,3,2,2
2012-08-13,24,3,2,2
2012-08-14,24,3,2,2
2012-08-15,24,3,2,2
2012-08-16,24,3,2,2
2012-08-17,24,3,2,2
2012-08-18,24,3,2,2
2012-08-19,24,3,2,2
2012-08-20,24,3,2,2
2012-08-21,24,3,2,2
2012-08-22,24,3,2,2
2012-08-23,24,3,2,2
2012-08-24,24,3,2,2
2012-08-25,24,3,2,2
2012-08-26,24,3,2,2
2012-08-27,24,3,2,2
2012-08-28,24,3,2,2
2012-08-29,24,3,2,2
2012-08-30,24,3,2,2
2012-08-31,24,3,2,2
2012-09-01,24,3,2,2
2012-09-02,24,3,2,2
2012-09-03,24,3,2,2
2012-09-04,24,3,2,2
2012-09-05,24,3,2,2
2012-09-06,24,3,2,2
2012-09-07,24,3,2,2
2012-09-08,24,3,2,2
2012-09-09,24,3,2,2
2012-09-10,24,3,2,2
2012-09-11,24,3,2,2
2012-09-12,24,3,2,2
2012-09-13,24,3,2,2
2012-09-14,24,3,2,2
2012-09-15,24,3,2,2
2012-09-16,24,3,2,2
2012-09-17,24,3,2,2
2012-09-18,24,3,2,2
2012-09-19,24,3,2,2
2012-09-20,24,3,2,2
2012-09-21,24,3,2,2
2012-09-22,24,3,2,2
2012-09-23,24,3,2,2
2012-09-24,24,3,2,2
2012-09-25,24,3,2,2
2012-09-26,24,3,2,2
2012-09-27,24,3,2,2
2012-09-28,24,3,2,2
2012-09-29,24,3,2,2
2012-09-30,24,3,2,2
