instant,datetime,partition,hr,workingday,temp,method,prediction,cnt,signed_error,absolute_error,candidate_alert,final_alert,actual_high,outcome,weighted_absolute_error
13004,2012-07-01T00:00,validation,0,0,0.76,hour_mean,47.20073664825046,149,-101.79926335174954,101.79926335174954,0,0,0,true_negative,203.5985267034991
13005,2012-07-01T01:00,validation,1,0,0.74,hour_mean,29.321033210332104,93,-63.678966789667896,63.678966789667896,0,0,0,true_negative,127.35793357933579
13006,2012-07-01T02:00,validation,2,0,0.72,hour_mean,20.412757973733584,90,-69.58724202626641,69.58724202626641,0,0,0,true_negative,139.17448405253282
13007,2012-07-01T03:00,validation,3,0,0.72,hour_mean,10.677606177606178,33,-22.32239382239382,22.32239382239382,0,0,0,true_negative,44.64478764478764
13008,2012-07-01T04:00,validation,4,0,0.7,hour_mean,5.515503875968992,4,1.5155038759689923,1.5155038759689923,0,0,0,true_negative,1.5155038759689923
13009,2012-07-01T05:00,validation,5,0,0.68,hour_mean,16.685981308411215,10,6.685981308411215,6.685981308411215,0,0,0,true_negative,6.685981308411215
13010,2012-07-01T06:00,validation,6,0,0.7,hour_mean,66.3830570902394,27,39.383057090239404,39.383057090239404,0,0,0,true_negative,39.383057090239404
13011,2012-07-01T07:00,validation,7,0,0.74,hour_mean,184.57798165137615,50,134.57798165137615,134.57798165137615,0,0,0,true_negative,134.57798165137615
13012,2012-07-01T08:00,validation,8,0,0.78,hour_mean,315.4623853211009,142,173.4623853211009,173.4623853211009,1,0,0,true_negative,173.4623853211009
13013,2012-07-01T09:00,validation,9,0,0.82,hour_mean,194.11009174311926,219,-24.889908256880744,24.889908256880744,0,0,0,true_negative,49.77981651376149
13014,2012-07-01T10:00,validation,10,0,0.86,hour_mean,152.37431192660551,366,-213.62568807339449,213.62568807339449,0,0,1,false_negative,427.25137614678897
13015,2012-07-01T11:00,validation,11,0,0.88,hour_mean,182.6605504587156,377,-194.3394495412844,194.3394495412844,0,0,1,false_negative,388.6788990825688
