split,dimension,group,method,n,mae,rmse,p90_absolute_error,p95_absolute_error,mean_signed_error,status
train,all,all,original,13003,61.78765318668265,87.4726653463696,144.2135076517939,194.6079599316853,4.644419815254976,available
train,all,all,candidate,13003,44.788499881870145,65.03816576370181,105.18157760858071,138.1101920296644,5.044430130000946,available
train,hour,0,original,543,35.265398341763174,46.48816571546177,81.42351005608896,101.94182893443185,9.881074047009243,available
train,hour,0,candidate,543,28.588242625608764,38.818928684986126,70.81979323675995,88.69444107917012,10.495021109697598,available
train,hour,1,original,542,33.873947997709436,46.86995315341775,80.99314399347809,110.81673214691584,14.546795959875176,available
train,hour,1,candidate,542,27.604921550478586,40.440113442443845,76.77180192162909,97.10720320638328,15.195238754405507,available
train,hour,2,original,533,32.897046402628355,46.80129190416437,81.64493707343226,108.99526149668847,17.11379112131765,available
train,hour,2,candidate,533,27.83628961617133,42.304862908061885,83.83457862346398,102.73243230987853,17.449579299428642,available
train,hour,3,original,518,27.78314690049802,43.286898925156486,89.17932014938481,103.87426404850183,19.756372476969947,available
train,hour,3,candidate,518,26.14326101856347,41.999789082190595,85.05441033283405,101.2738162421771,19.751733535421895,available
train,hour,4,original,516,24.823398318553515,41.28361895982675,87.80289033252936,103.06062212749484,21.295995843981867,available
train,hour,4,candidate,516,24.73246653171692,41.30060241479082,85.57628478561091,102.5350039566797,21.195774497369445,available
train,hour,5,original,535,26.6144715014482,40.056318817643465,79.33123349113934,98.95628112210582,17.372016572220787,available
train,hour,5,candidate,535,26.224971224466223,39.621702174972825,82.24106367311046,96.77139722527384,17.514711479533123,available
train,hour,6,original,543,36.14013155661418,47.76590357407149,76.19937728006947,101.85544288327942,5.652457628201537,available
train,hour,6,candidate,543,24.881213816916738,33.701313292115955,56.016371322906515,70.13820635453501,7.409138414412892,available
train,hour,7,original,545,98.24474704727587,116.09607773928077,180.13736216188204,207.69475242338015,-5.38187231783063e-13,available
train,hour,7,candidate,545,46.081126706159345,61.613898674931846,96.25440617183483,128.2514326163955,3.457627071659595,available
train,hour,8,original,545,152.24358890728428,175.66715373491976,254.36841335123725,276.9713960365933,2.636700236332526e-13,available
train,hour,8,candidate,545,67.98467337433995,91.27855485794777,148.04956625777473,187.97905820832736,0.9405073671970416,available
train,hour,9,original,545,44.68870262917429,53.86817430834491,88.26381636516771,100.49423330598947,0.0033073458020134315,available
train,hour,9,candidate,545,36.593395261580504,45.47621231788851,71.5436498829651,88.7291225726985,0.13916133634474462,available
train,hour,10,original,545,55.46838128560099,69.86935147209915,115.91651586609717,137.14908585160208,0.29036329871154887,available
train,hour,10,candidate,545,35.98612110717011,45.96281378219582,73.79884299754924,93.94396132175589,0.8178579097568774,available
train,hour,11,original,545,67.28208697676048,88.0551838039759,143.08045861576562,187.1586056049577,0.1401702957890806,available
train,hour,11,candidate,545,41.60580556212844,56.12089920766332,91.6869733700825,120.76729002402521,0.39276442196078026,available
train,hour,12,original,546,73.74601584633936,97.5277324605857,156.03405340623368,191.68654993383842,7.046085326922137e-13,available
train,hour,12,candidate,546,47.0621607331108,66.32475920282333,109.64844689794954,144.79088733016786,0.15983526238613813,available
train,hour,13,original,546,78.72693513284085,102.98983307497899,164.1920201415582,209.3575018418765,0.00300416632235916,available
train,hour,13,candidate,546,48.97532631551797,69.9221285914814,115.90826152838227,148.94293114846502,0.1789244910927191,available
train,hour,14,original,546,83.67097079880656,107.24874111400821,171.20703043594955,216.598173848183,0.030857215023661743,available
train,hour,14,candidate,546,49.058102666718504,69.87176825514862,107.3298289642826,140.83050605915673,0.2640825781403627,available
train,hour,15,original,546,80.53988489282318,102.88375462469286,155.57831275913435,209.8620292683708,0.026907407211811438,available
train,hour,15,candidate,546,49.64545984358616,71.32588488753132,117.68449734377974,160.14093003498198,0.16135549558920928,available
train,hour,16,original,547,63.29685851414399,82.82700507084454,136.46084861394763,172.8444093366995,9.843160209315787e-13,available
train,hour,16,candidate,547,57.53171874254578,75.17661955947631,124.17698301663049,159.20716097010344,5.254119300918561e-13,available
train,hour,17,original,547,125.34444039906803,147.9055847270716,236.2471548256695,273.35198135663256,1.6626959813033423e-13,available
train,hour,17,candidate,547,105.84813627582636,127.79791120898733,197.17070528364584,234.5354590394366,6.318244728952701e-13,available
train,hour,18,original,545,121.62172930500007,145.51061947931274,227.58695444840586,279.64202914379746,-2.653388212511846e-13,available
train,hour,18,candidate,545,99.61726921745496,122.2633341970026,197.67630540723164,233.284624851679,6.708566424086554e-13,available
train,hour,19,original,545,73.28003148015269,89.65246937053521,142.50313640285285,170.12256383154516,-3.6880427356296725e-13,available
train,hour,19,candidate,545,65.41591914681818,80.77815698463014,123.5800982716127,157.86044145305328,0.003773757675282151,available
train,hour,20,original,545,48.2623048990244,60.56936789994894,98.82720574798759,123.24174025570677,0.16134647062250398,available
train,hour,20,candidate,545,43.74050004204149,55.40138801187339,89.17974700518896,111.37005412604148,0.2698027310212579,available
train,hour,21,original,545,33.16458779923311,43.69189166005076,72.09237778628042,83.86111621626063,0.5183184092362111,available
train,hour,21,candidate,545,30.852630126732688,41.524409609732075,64.37269763338416,80.54713860050738,0.5801617074475871,available
train,hour,22,original,545,28.903865912673574,37.90226210193602,62.13425770818994,71.5016438380934,1.6930389881261136,available
train,hour,22,candidate,545,28.66329976923529,37.606174749654336,60.051608959369474,69.72781399938589,1.684486819148276,available
train,hour,23,original,545,31.37650820985785,40.081090295106094,68.57143039070858,80.82011413571601,5.2685481402447225,available
train,hour,23,candidate,545,31.019670645218,39.777839242100434,68.86523159402634,82.56986545669746,5.251987006465354,available
train,commute,commute,original,2617,86.5248248136121,111.61862597955769,183.68799602051683,233.04454894382712,-41.89087039155076,available
train,commute,commute,candidate,2617,74.25160171857662,96.81007272458695,162.9093845584323,198.2011277456536,2.891477232996088e-13,available
train,commute,other,original,10386,55.554533780975504,80.25064459995242,131.07271085334412,179.48779808243867,16.37009422996811,available
train,commute,other,candidate,10386,37.364569831161425,54.16877724394189,90.20838546852794,113.31563612832562,6.3154944136724,available
train,workingday,0,original,4099,79.37357918236201,109.14822177823739,194.2391076148624,232.6174854526735,5.250590819961689,available
train,workingday,0,candidate,4099,48.27218647353668,68.03355222224309,111.72480882341532,146.78827176899057,4.963099753341275,available
train,workingday,1,original,8904,53.691886041996014,75.4287463665234,119.30612066877688,153.93348089422716,4.365366025015439,available
train,workingday,1,candidate,8904,43.18476770091315,63.61183051528989,102.35807157938085,136.11658584408823,5.0818709671447,available
train,month,1,original,1429,44.28383069126836,66.90092027387873,108.03121994200738,164.1762776965992,14.801862608954735,available
train,month,1,candidate,1429,37.846420635280694,55.63666121434729,97.5009682833807,125.50737132098307,16.140016415842382,available
train,month,2,original,1341,48.0164765598683,68.81474156409253,111.55197592162926,150.83059439064226,11.585805816960635,available
train,month,2,candidate,1341,35.42115941011132,52.07713716666248,85.10094543274766,118.92603130076628,12.122572914202697,available
train,month,3,original,1473,62.2574141886067,91.22470473983206,143.9888264698204,212.24486205604413,6.591595550079126,available
train,month,3,candidate,1473,49.84092801704645,73.43122258529208,120.5269878405698,165.0350033190474,7.297059079123748,available
train,month,4,original,1437,69.70889183163384,98.64734885268717,169.08379877991453,228.8328291992968,2.589903629928344,available
train,month,4,candidate,1437,54.494883392184065,76.54201023420408,123.33217458848287,173.1562831975187,2.757370804827108,available
train,month,5,original,1488,76.36550836938673,102.06279549685702,171.3560870231302,226.3246976194731,0.6254460322594505,available
train,month,5,candidate,1488,53.293565541826034,72.55548707396355,114.94481428446045,146.69266453031364,0.8003608200720557,available
train,month,6,original,1440,84.77731265848942,111.61848452197904,182.6708938734749,234.6586963361755,0.1569203188703745,available
train,month,6,candidate,1440,60.22359239095166,81.12161788404978,124.38463401212825,160.71831735659106,0.21794054582514819,available
train,month,7,original,744,66.06740144565931,85.98948399056863,137.19590806617765,179.67561929804293,0.24873557361822488,available
train,month,7,candidate,744,44.023697645008525,59.507034086820006,95.266124638087,123.11829209881975,0.22109127544305227,available
train,month,8,original,731,58.200071476849146,79.1191086410091,130.98333162813327,164.04867350614862,0.40560646195441996,available
train,month,8,candidate,731,36.941283191706816,54.66668014240323,80.33591333886181,110.73596371804211,0.4085151342125703,available
train,month,9,original,717,58.83371234510509,80.61323733253276,141.8362997265756,165.52305415822266,0.6828420294086907,available
train,month,9,candidate,717,36.99824084700803,52.50274936362263,86.74416425948674,109.07092256965177,0.8123894969394048,available
train,month,10,original,743,54.07330135166402,75.55545973151196,138.84084342867163,168.2780204291784,1.7596556830708032,available
train,month,10,candidate,743,33.60227468466148,49.86479199039062,80.24446978796895,115.55857294772207,1.6193606396394296,available
train,month,11,original,719,51.311477968361245,73.97873184743561,131.4048554186561,165.56751237946298,2.9540967660941826,available
train,month,11,candidate,719,30.893935420274946,49.99129797912204,69.33559650139566,102.7756490136866,3.482599609438106,available
train,month,12,original,741,50.22067972733486,74.83658428899342,125.27857792064097,169.27279702978421,6.359848582295453,available
train,month,12,candidate,741,39.93285253453002,61.81068283261127,97.43827755512419,153.55017434547085,7.157646790949761,available
train,season,season_1,original,3980,50.64674669019656,74.88979726544846,119.90403942422157,174.69555004496425,15.181806948181263,available
train,season,season_1,candidate,3980,40.81215834702779,60.92860068220096,101.9054629015096,139.83006599013686,16.020663734737877,available
train,season,season_2,original,4409,74.46065070347017,102.84759184289715,174.40513112071116,231.6240973767165,-1.2187053889953352,available
train,season,season_2,candidate,4409,55.445099717201444,77.13474399023363,121.62226462452561,166.1432429189714,-0.9588523124432068,available
train,season,season_3,original,2480,65.68741082349835,87.30052308946846,145.24118516925648,177.32912408115013,3.4398271739974198,available
train,season,season_3,candidate,2480,43.14425293120543,59.970893049888176,98.45816167119823,123.49550271070575,3.471834733819133,available
train,season,season_4,original,2134,51.85052238311917,73.83105501549257,132.20478217139203,164.99138125088788,-1.4947048394724238,available
train,season,season_4,candidate,2134,32.098070206305664,48.76836939770421,72.28406068242795,102.90412621396212,-1.1959170469371148,available
train,weather,1,original,8595,64.98399927223042,91.4552647544846,150.97359554349674,204.09053969706778,3.0895394567296846,available
train,weather,1,candidate,8595,45.60017985192957,65.52405334825062,106.0604128630893,136.97723621793546,3.390928750353766,available
train,weather,2,original,3276,55.4575837125124,78.71084843460011,127.19977296462227,170.11001313438527,4.582639851954357,available
train,weather,2,candidate,3276,40.10582214718662,58.613599373689915,95.50589245996599,124.22768605642094,4.683709157147212,available
train,weather,3,original,1129,55.87451810002051,80.39954031799111,137.8699226432877,178.48862759122233,16.602361034248148,available
train,weather,3,candidate,1129,52.15773540692852,77.77259484942354,138.10444248796765,175.95528543716696,18.632926178997412,available
train,weather,4,original,3,42.00182150005961,54.18885922113705,76.6578992165049,83.365136618568,26.668488166726277,available
train,weather,4,candidate,3,59.52050267240798,74.62039305694927,104.8670088714089,113.8957604923412,22.42917206977437,available
train,demand_tail,high,original,1303,152.14479778167197,174.0342570268823,270.0577093164674,309.1078549016069,-149.50000037226158,available
train,demand_tail,high,candidate,1303,101.47530192426684,122.87968958949672,196.16348372950372,236.02958244161027,-94.55813280030495,available
train,demand_tail,other,original,11700,51.72480195529196,71.62751739613101,116.70162594423488,150.07389113131364,21.811101824172415,available
train,demand_tail,other,candidate,11700,38.475431244157086,54.94960174510985,91.05774918984407,115.52870823044339,16.136920685401677,available
validation,all,all,original,2208,111.2039458201682,145.98471858799624,261.97167879537943,319.73486589867815,-17.042824420874425,available
validation,all,all,candidate,2208,87.22328402945227,114.0180971770425,188.78143014572717,249.536767028986,-16.824194969107044,available
validation,hour,0,original,92,68.89788608053738,77.88452050321939,106.98146115616063,116.83085473530727,59.84559540076658,available
validation,hour,0,candidate,92,62.21119116799943,67.81401159028132,90.85217847423554,100.2860566924217,60.197515501927356,available
validation,hour,1,original,92,85.13294642204974,93.55058467820614,124.77280640693063,131.06031394763903,79.47338781414425,available
validation,hour,1,candidate,92,81.23388333066,86.1343868895423,113.58168294163524,117.58783140136389,79.73840225380194,available
validation,hour,2,original,92,87.34214153935768,95.11204903359041,125.79385004612621,133.6888047585041,83.09666791697303,available
validation,hour,2,candidate,92,83.70331968724383,89.18315518527093,115.40343055726379,120.72571518892877,83.26535141997931,available
validation,hour,3,original,92,90.85978280597863,94.97240293088635,117.89795648060971,125.75656384179325,90.64490896621516,available
validation,hour,3,candidate,92,90.54888057202213,93.33731279562969,112.8801070767065,118.62990296680071,90.54888057202213,available
validation,hour,4,original,92,93.27498031334001,95.9337997463443,113.141872162963,121.90570798795468,93.0701296465568,available
validation,hour,4,candidate,92,93.24100081873736,96.02278859236759,116.90631843595816,121.49885952388752,93.22085599316942,available
validation,hour,5,original,92,85.56277345972012,88.823481908593,114.5513573244645,120.72250369229315,85.56277345972012,available
validation,hour,5,candidate,92,85.76592466393946,88.282147505631,108.38461923639291,112.52923054015184,85.69643775695252,available
validation,hour,6,original,92,59.58778612449649,83.40936895803098,144.3337240354743,159.46595598999215,47.895231111758406,available
validation,hour,6,candidate,92,50.84775634975101,62.77029537199713,97.05103555001065,111.95943386629399,47.96909888242696,available
validation,hour,7,original,92,193.0366378441549,203.46300680365928,255.4878469288293,266.55519048033455,-40.49944599549788,available
validation,hour,7,candidate,92,110.10560805390405,120.6241412522395,174.0454210839078,188.90625945856266,-40.07727257268014,available
validation,hour,8,original,92,272.5243805299297,278.88603797964925,337.41782964471145,359.39808319796794,-97.48255018402826,available
validation,hour,8,candidate,92,136.6549875011369,159.54610520340603,236.91644573184485,266.7288168055919,-97.13059249350043,available
validation,hour,9,original,92,45.60551927672673,56.40760075300504,102.2752009631798,107.82374680537693,-11.367770561501516,available
validation,hour,9,candidate,92,38.04768069720473,47.211356369696375,80.74346246139032,85.89609981548907,-10.900524775696095,available
validation,hour,10,original,92,86.82458836764317,103.40141142966785,180.33281752838218,208.5318421843214,-2.8566667497539537,available
validation,hour,10,candidate,92,45.87710027823028,59.95249560358585,112.47212624919973,132.6525213701776,-2.616858157555208,available
validation,hour,11,original,92,104.55575368479768,132.91380319078226,229.09089389346946,283.64955484530014,-20.6791389670547,available
validation,hour,11,candidate,92,56.434351209618896,79.56701210749235,129.56197492809954,185.01908364138413,-20.523197873608986,available
validation,hour,12,original,92,108.60462408287869,154.20069434055193,310.6107911816675,343.51936888124294,-43.83743762809278,available
validation,hour,12,candidate,92,71.1217955171693,104.80546732945041,205.81222757389426,239.38883819633799,-43.60049801517748,available
validation,hour,13,original,92,108.69423703168164,149.523443232735,298.72388202421774,344.36828381079687,-34.279285139310105,available
validation,hour,13,candidate,92,68.96822422676878,98.00943946001334,187.68922625656853,233.8891030127545,-34.065526263297386,available
validation,hour,14,original,92,115.94222341643531,149.57207193867555,269.8465516770552,305.5744809326209,-25.164187645006223,available
validation,hour,14,candidate,92,69.70698649058963,95.3090808874436,175.4891107565504,190.01237834424876,-25.04168603801463,available
validation,hour,15,original,92,99.37280384373838,138.05033362437246,243.48532211294676,315.52345476730005,-31.68060365106364,available
validation,hour,15,candidate,92,66.5784254340658,95.13153632889146,175.3108193242484,206.4175076203685,-31.56307964988576,available
validation,hour,16,original,92,104.07687807002569,129.1754410286286,208.0864129673803,276.4310025506197,-82.41768665995855,available
validation,hour,16,candidate,92,108.90194150905845,127.08346111431003,196.49275722861398,225.14100417630732,-82.06978891514487,available
validation,hour,17,original,92,241.33705790078093,270.2404642106146,369.5776698885126,402.1555015406243,-191.76542551759675,available
validation,hour,17,candidate,92,214.0896413760714,237.1844255097751,319.20866567965214,351.2599171928467,-191.7111058202074,available
validation,hour,18,original,92,233.59795536284872,269.9575910268446,390.7116758699768,428.62197544031926,-181.83888736791,available
validation,hour,18,candidate,92,201.9495252807539,231.16903450519186,336.4117734120232,373.85150289967635,-181.68594859533067,available
validation,hour,19,original,92,147.56614162857625,171.68537125842124,257.4932512453386,273.48102844640056,-126.35688803535996,available
validation,hour,19,candidate,92,137.15897772632457,155.56668159736782,230.69301724693852,247.06685997670073,-126.11932981638583,available
validation,hour,20,original,92,92.70717432142892,112.427288679283,177.61355219524546,204.94479350868113,-70.93403013723947,available
validation,hour,20,candidate,92,84.17329531733171,102.65264277132289,161.08331596205966,188.45226850515155,-70.71560760412582,available
validation,hour,21,original,92,56.04978838668575,72.32723427231417,110.79684760051401,123.67249369578926,-25.35088001408892,available
validation,hour,21,candidate,92,49.71481921334158,68.06728855274912,101.99040261019243,120.49425576812389,-25.169719803647073,available
validation,hour,22,original,92,42.92283248040397,58.57690411336948,83.73709392179312,103.59666617681793,5.914266847577962,available
validation,hour,22,candidate,92,42.060718303430896,57.760278906094634,79.16971025942205,99.62254865725062,6.127963538821426,available
validation,hour,23,original,92,44.81780670982003,53.78093011732236,84.98832598900523,95.94894946695473,31.980136988764276,available
validation,hour,23,candidate,92,44.26278198150026,54.11630144096053,89.45624149314858,100.27206279544903,32.445551216587624,available
validation,commute,commute,original,441,194.12392957332503,227.8747303443108,349.9723910295972,379.30488399251135,-186.07768714362672,available
validation,commute,commute,candidate,441,156.31643396619467,185.02496355462372,293.03017832202875,323.7136366249931,-143.77390682697566,available
validation,commute,other,original,1767,90.509145121163,116.92174317405197,191.57431196141428,255.4248705557036,25.14414471366647,available
validation,commute,other,candidate,1767,69.97932300958617,87.75312872290114,125.47604801611654,165.1394751624733,14.85934941647307,available
validation,workingday,0,original,696,121.211967868552,156.17933673856922,269.51907264340343,314.2327209313505,-5.530915463425381,available
validation,workingday,0,candidate,696,87.36206184718012,108.95291092082203,182.03113508526135,225.10367641623677,-5.38571874776801,available
validation,workingday,1,original,1512,106.59707852805501,141.04451228798675,255.39773408082124,325.5353745627883,-22.341957115573187,available
validation,workingday,1,candidate,1512,87.1594021768474,116.27555321617709,196.2291680687196,263.4842286552635,-22.089525293215484,available
validation,month,1,original,0,,,,,,unavailable
validation,month,1,candidate,0,,,,,,unavailable
validation,month,2,original,0,,,,,,unavailable
validation,month,2,candidate,0,,,,,,unavailable
validation,month,3,original,0,,,,,,unavailable
validation,month,3,candidate,0,,,,,,unavailable
validation,month,4,original,0,,,,,,unavailable
validation,month,4,candidate,0,,,,,,unavailable
validation,month,5,original,0,,,,,,unavailable
validation,month,5,candidate,0,,,,,,unavailable
validation,month,6,original,0,,,,,,unavailable
validation,month,6,candidate,0,,,,,,unavailable
validation,month,7,original,744,104.40691084143482,134.09037434336207,235.23230178477633,288.14598884773056,-7.020154313107349,available
validation,month,7,candidate,744,79.02574197139676,102.57863044700504,162.0784408392163,222.66980105338985,-6.434817492098822,available
validation,month,8,original,744,105.03545910261465,138.59170012463883,253.23560612811528,309.0633405550013,-17.867204404710524,available
validation,month,8,candidate,744,81.9483145672235,108.15880961668667,180.06542666873324,244.81984803619994,-17.49909872870147,available
validation,month,9,original,720,124.60165157299798,164.09722511847556,308.7556067645828,348.2981569201954,-26.547724215603093,available
validation,month,9,candidate,720,101.14487926707936,130.02177091187764,226.1242343583639,280.3771954343709,-26.86248447710129,available
validation,month,10,original,0,,,,,,unavailable
validation,month,10,candidate,0,,,,,,unavailable
validation,month,11,original,0,,,,,,unavailable
validation,month,11,candidate,0,,,,,,unavailable
validation,month,12,original,0,,,,,,unavailable
validation,month,12,candidate,0,,,,,,unavailable
validation,season,season_1,original,0,,,,,,unavailable
validation,season,season_1,candidate,0,,,,,,unavailable
validation,season,season_2,original,0,,,,,,unavailable
validation,season,season_2,candidate,0,,,,,,unavailable
validation,season,season_3,original,2016,109.43972721574201,142.96802664831728,255.99114648706086,314.99572669628554,-14.182730920009329,available
validation,season,season_3,candidate,2016,85.20286447528964,111.13564606846619,182.32882370993735,238.87550640319722,-13.922152558593785,available
validation,season,season_4,original,192,129.72824116664302,174.53994655949867,333.25715114387395,373.21442415150875,-47.07380617995792,available
validation,season,season_4,candidate,192,108.43768934815989,140.76423686598744,244.33482095836837,310.5365558306592,-47.29564027949624,available
validation,weather,1,original,1594,114.72084773073624,149.654728798756,268.33998921564154,328.847148870213,-16.21782602585218,available
validation,weather,1,candidate,1594,89.94042181581389,117.02252827608976,199.84186410061812,257.7290831761674,-17.754012544364052,available
validation,weather,2,original,484,101.09903652902861,133.07260813619757,234.38409982707518,289.7383765458778,-15.451902217944802,available
validation,weather,2,candidate,484,77.97059789446091,100.97182866644688,155.07904132889024,204.07552477805558,-12.560817524738532,available
validation,weather,3,original,130,105.70267236990733,146.36540916076848,255.0098787574957,326.3967879366955,-33.08169971228513,available
validation,weather,3,candidate,130,88.35545678234008,122.1940254537556,193.24960554248807,286.55148250153474,-21.296083185373817,available
validation,weather,4,original,0,,,,,,unavailable
validation,weather,4,candidate,0,,,,,,unavailable
validation,demand_tail,high,original,617,207.14130092355308,233.08839989933787,346.0413534232084,378.2607063423911,-203.87699542490114,available
validation,demand_tail,high,candidate,617,161.65466656953646,183.86694340675163,285.14771078211146,317.0907884949393,-160.48814722205577,available
validation,demand_tail,other,original,1591,73.99882445072225,92.23171057742393,128.31616940540442,169.53470077607108,55.41266489998321,available
validation,demand_tail,other,candidate,1591,58.358316696182676,70.22155676024019,107.75872573779566,119.18812696407534,38.889606753123864,available
