instant,dteday,season,yr,mnth,hr,holiday,weekday,workingday,weathersit,temp,atemp,hum,windspeed,casual,registered,cnt,datetime,partition
1,2011-01-01,1,0,1,0,0,6,0,1,0.24,0.2879,0.81,0.0,3,13,16,2011-01-01T00:00,train
2,2011-01-01,1,0,1,1,0,6,0,1,0.22,0.2727,0.8,0.0,8,32,40,2011-01-01T01:00,train
3,2011-01-01,1,0,1,2,0,6,0,1,0.22,0.2727,0.8,0.0,5,27,32,2011-01-01T02:00,train
4,2011-01-01,1,0,1,3,0,6,0,1,0.24,0.2879,0.75,0.0,3,10,13,2011-01-01T03:00,train
5,2011-01-01,1,0,1,4,0,6,0,1,0.24,0.2879,0.75,0.0,0,1,1,2011-01-01T04:00,train
6,2011-01-01,1,0,1,5,0,6,0,2,0.24,0.2576,0.75,0.0896,0,1,1,2011-01-01T05:00,train
13004,2012-07-01,3,1,7,0,0,0,0,1,0.76,0.7273,0.66,0.0,27,122,149,2012-07-01T00:00,validation
13005,2012-07-01,3,1,7,1,0,0,0,1,0.74,0.697,0.7,0.1343,12,81,93,2012-07-01T01:00,validation
13006,2012-07-01,3,1,7,2,0,0,0,1,0.72,0.697,0.74,0.0896,21,69,90,2012-07-01T02:00,validation
13007,2012-07-01,3,1,7,3,0,0,0,1,0.72,0.7121,0.84,0.1343,6,27,33,2012-07-01T03:00,validation
13008,2012-07-01,3,1,7,4,0,0,0,1,0.7,0.6667,0.79,0.194,0,4,4,2012-07-01T04:00,validation
13009,2012-07-01,3,1,7,5,0,0,0,1,0.68,0.6364,0.79,0.1045,3,7,10,2012-07-01T05:00,validation
