id,method,period,queue_length,actual,prediction,absolute_error,leaked_prediction_demo
A05,time,午间,0,2,4.3333333333,2.3333333333,2.0
A06,time,午间,1,4,6.3333333333,2.3333333333,4.0
B05,time,晚间,1,8,6.3333333333,1.6666666667,8.0
B06,time,晚间,2,10,8.3333333333,1.6666666667,10.0
C05,time,晚间,2,12,8.3333333333,3.6666666667,12.0
C06,time,晚间,3,14,10.3333333333,3.6666666667,14.0
B01,group,晚间,1,7,3.3658536585,3.6341463415,7.0
B02,group,晚间,2,9,5.1707317073,3.8292682927,9.0
B03,group,晚间,3,11,6.9756097561,4.0243902439,11.0
B04,group,晚间,0,5,1.5609756098,3.4390243902,5.0
B05,group,晚间,1,8,3.3658536585,4.6341463415,8.0
B06,group,晚间,2,10,5.1707317073,4.8292682927,10.0
A03,random,午间,2,5,8.9664804469,3.9664804469,5.0
A06,random,午间,1,4,6.4525139665,2.4525139665,4.0
B04,random,晚间,0,5,3.938547486,1.061452514,5.0
B06,random,晚间,2,10,8.9664804469,1.0335195531,10.0
C01,random,晚间,2,11,8.9664804469,2.0335195531,11.0
C02,random,晚间,3,13,11.4804469274,1.5195530726,13.0
